
INSERT INTO USER(ID, ACTIVE, PASSWORD, ROLE, USER_NAME) values (1,true,'pass','ROLE_USER','user');

ALTER TABLE SALES_CART ADD CONSTRAINT SALES_CART_PRODUCT_ID_FK FOREIGN KEY ( PRODUCT_ID ) REFERENCES SALES_PRODUCT( PRODUCT_ID );
ALTER TABLE SALES_CART ADD CONSTRAINT SALES_CUST_CARD_EMAIL_FK FOREIGN KEY ( CUSTOMER_EMAIL_ID ) REFERENCES SALES_CUSTOMER( EMAIL_ID );

INSERT INTO SALES_PRODUCT (PRODUCT_ID, NAME, CATEGORY, PRICE, QUANTITY) VALUES(1000,'Samsung j7','Mobile',12000,20);
INSERT INTO SALES_PRODUCT (PRODUCT_ID, NAME, CATEGORY, PRICE, QUANTITY) VALUES(1001,'Moto 5s','Mobile',22000,18);
INSERT INTO SALES_PRODUCT (PRODUCT_ID, NAME, CATEGORY, PRICE, QUANTITY) VALUES(1002,'iPad','Tablet',52000,30);
INSERT INTO SALES_PRODUCT (PRODUCT_ID, NAME, CATEGORY, PRICE, QUANTITY) VALUES(1003,'Realme 5 pro','Mobile',22000,20);
INSERT INTO SALES_PRODUCT (PRODUCT_ID, NAME, CATEGORY, PRICE, QUANTITY) VALUES(1004,'lenovo tab m14','Tablet',12000,20);
INSERT INTO SALES_PRODUCT (PRODUCT_ID, NAME, CATEGORY, PRICE, QUANTITY) VALUES(1005,'JBL','Earphones',2000,40);
INSERT INTO SALES_PRODUCT (PRODUCT_ID, NAME, CATEGORY, PRICE, QUANTITY) VALUES(1006,'MI','Earphones',1400,34);

INSERT INTO SALES_CUSTOMER (EMAIL_ID, NAME, PASSWORD, PHONE_NUMBER, ADDRESS) VALUES ('tom@abc.com', 'Tom', 'Tom@123', '7886189067', 'PUN');
INSERT INTO SALES_CUSTOMER (EMAIL_ID, NAME, PASSWORD, PHONE_NUMBER, ADDRESS) VALUES ('harry@abc.com', 'Harry', 'Harry@123', '7687156584','MUB');
INSERT INTO SALES_CUSTOMER (EMAIL_ID, NAME, PASSWORD, PHONE_NUMBER, ADDRESS) VALUES ('john@abc.com', 'John', 'John@123', '8478116714','PUN');
INSERT INTO SALES_CUSTOMER (EMAIL_ID, NAME, PASSWORD, PHONE_NUMBER, ADDRESS) VALUES ('sara@abc.com', 'Sara', 'Sara@123', '8900100511','NGR');
INSERT INTO SALES_CUSTOMER (EMAIL_ID, NAME, PASSWORD, PHONE_NUMBER, ADDRESS) VALUES ('mariya@abc.com', 'Mariya', 'Mariya@123', '7578116427','MUB');

INSERT INTO SALES_CART (CART_ID, PRODUCT_ID, QUANTITY, CUSTOMER_EMAIL_ID, DATE_OF_ORDER) VALUES (3000, 1000, 1, 'tom@abc.com', SYSDATE()- INTERVAL 15 DAY);
INSERT INTO SALES_CART (CART_ID, PRODUCT_ID, QUANTITY, CUSTOMER_EMAIL_ID, DATE_OF_ORDER) VALUES (3001, 1004, 1, 'tom@abc.com', SYSDATE()- INTERVAL 12 DAY);
INSERT INTO SALES_CART (CART_ID, PRODUCT_ID, QUANTITY, CUSTOMER_EMAIL_ID, DATE_OF_ORDER) VALUES (3002, 1006, 1, 'tom@abc.com', SYSDATE()- INTERVAL 10 DAY);
INSERT INTO SALES_CART (CART_ID, PRODUCT_ID, QUANTITY, CUSTOMER_EMAIL_ID, DATE_OF_ORDER) VALUES (3003, 1005, 1, 'harry@abc.com', SYSDATE()- INTERVAL 10 DAY);
INSERT INTO SALES_CART (CART_ID, PRODUCT_ID, QUANTITY, CUSTOMER_EMAIL_ID, DATE_OF_ORDER) VALUES (3004, 1006, 1, 'harry@abc.com', SYSDATE()- INTERVAL 08 DAY);
INSERT INTO SALES_CART (CART_ID, PRODUCT_ID, QUANTITY, CUSTOMER_EMAIL_ID, DATE_OF_ORDER) VALUES (3005, 1001, 1, 'john@abc.com', SYSDATE()- INTERVAL 06 DAY);
INSERT INTO SALES_CART (CART_ID, PRODUCT_ID, QUANTITY, CUSTOMER_EMAIL_ID, DATE_OF_ORDER) VALUES (3006, 1003, 1, 'sara@abc.com', SYSDATE()- INTERVAL 05 DAY);
INSERT INTO SALES_CART (CART_ID, PRODUCT_ID, QUANTITY, CUSTOMER_EMAIL_ID, DATE_OF_ORDER) VALUES (3007, 1002, 1, 'sara@abc.com', SYSDATE()- INTERVAL 03 DAY);
INSERT INTO SALES_CART (CART_ID, PRODUCT_ID, QUANTITY, CUSTOMER_EMAIL_ID, DATE_OF_ORDER) VALUES (3008, 1000, 1, 'sara@abc.com', SYSDATE()- INTERVAL 01 DAY);
INSERT INTO SALES_CART (CART_ID, PRODUCT_ID, QUANTITY, CUSTOMER_EMAIL_ID, DATE_OF_ORDER) VALUES (3009, 1001, 1, 'mariya@abc.com', SYSDATE()- INTERVAL 01 DAY);


